observation_date,ICSA,CPIMEDICARE,USWTRADE,BBKMLEIX,COMLOAN,UMCSENT,MANEMP,fedfunds,PSTAX,USCONS,USGOOD,USINFO,CPIAPP,CSUSHPISA,SECURITYBANK,SRVPRD,INDPRO,TB6MS,UNEMPLOY,USTPU,recession
1987-01-01,345600.0,126.7,4917.8,-1.3519770660216168,21.7,90.4,17465,6.43,450.732,5007,23232,2472,108.0,63.964,4.5,77446,55.9911,5.44,7892,20964,0
1987-02-01,348750.0,127.2,4929.0,-1.1084015474286708,-4.5,90.2,17499,6.1,450.732,5038,23296,2477,108.6,64.422,3.7,77623,56.7373,5.59,7865,21018,0
1987-03-01,333250.0,127.8,4933.4,-1.1291883666182223,2.2,90.8,17507,6.13,450.732,5039,23307,2484,109.2,64.735,5.5,77857,56.8136,5.6,7862,21081,0
1987-04-01,336250.0,128.6,4945.0,-1.1254607356581428,2.2,92.8,17525,6.37,511.671,5053,23342,2492,109.8,65.131,6.9,78157,57.185,5.9,7542,21159,0
1987-05-01,331000.0,129.2,4948.6,-1.0569530963844092,3.9,91.1,17542,6.85,511.671,5080,23390,2496,110.3,65.562,9.2,78338,57.5424,6.05,7574,21188,0
1987-06-01,322250.0,130.0,4953.2,-1.1752434931517903,5.6,91.5,17537,6.73,511.671,5086,23390,2501,110.3,66.07,1.8,78510,57.8502,5.99,7398,21244,0
1987-07-01,319250.0,130.6,4962.4,-1.049980607934022,-2.9,93.7,17593,6.58,488.976,5092,23455,2508,110.3,66.507,8.6,78792,58.2421,5.76,7268,21298,0
1987-08-01,325600.0,131.2,4975.7,-0.8634108512575752,0.8,94.4,17630,6.73,488.976,5102,23506,2516,111.0,66.937,8.3,78914,58.6784,6.15,7261,21336,0
1987-09-01,309750.0,131.9,4987.0,-1.073389971214454,14.9,93.6,17691,7.22,488.976,5096,23566,2526,111.6,67.331,5.5,79081,58.9088,6.64,7102,21399,0
1987-10-01,300000.0,132.4,5001.2,-0.9044154592849404,4.0,89.3,17729,7.29,506.969,5142,23655,2533,112.3,67.73899999999999,-1.8,79483,59.7008,6.69,7227,21489,0
1987-11-01,306750.0,133.0,5011.8,-0.7606200811668669,-0.8,83.1,17775,6.69,506.969,5152,23711,2538,113.0,68.107,7.0,79661,59.9956,6.19,7035,21531,0
1987-12-01,318750.0,133.5,5027.0,-0.6732431508241042,5.0,86.8,17809,6.77,506.969,5180,23772,2543,112.7,68.507,7.6,79889,60.3246,6.36,6936,21557,0
1988-01-01,335600.0,134.4,5020.6,-0.4854057583186042,4.0,90.8,17790,6.83,502.07,5094,23668,2549,113.2,68.858,8.9,80085,60.309,6.25,6953,21564,0
1988-02-01,318750.0,135.2,5044.1,-0.3550490706661587,2.1,91.6,17823,6.58,502.07,5162,23769,2555,112.1,69.262,5.2,80445,60.6122,5.93,6929,21693,0
1988-03-01,305500.0,135.8,5061.6,-0.4396144169617038,6.4,94.6,17844,6.58,502.07,5201,23824,2563,113.4,69.638,7.8,80665,60.7452,5.91,6876,21750,0
1988-04-01,312200.0,136.7,5078.4,-0.4824990459134118,13.2,91.2,17874,6.87,497.805,5227,23880,2568,115.1,69.975,13.3,80852,61.108,6.21,6601,21805,0
1988-05-01,313750.0,137.6,5094.5,-0.449931141861537,12.7,94.8,17892,7.09,497.805,5228,23896,2575,115.1,70.42399999999999,7.7,81066,60.9843,6.56,6779,21872,0
1988-06-01,308250.0,138.3,5115.4,-0.4972565538507255,10.0,94.7,17916,7.51,497.805,5261,23951,2583,115.5,70.887,12.3,81375,61.1615,6.71,6546,21954,0
1988-07-01,321600.0,139.1,5128.4,-0.431187414829854,9.9,93.4,17926,7.75,506.668,5270,23966,2585,115.9,71.35300000000001,-3.7,81584,61.171,6.99,6605,22019,0
1988-08-01,314750.0,139.8,5140.1,-0.345026803601668,0.7,97.4,17891,8.01,506.668,5268,23926,2592,114.5,71.79899999999999,-2.4,81748,61.4771,7.39,6843,22066,0
1988-09-01,304500.0,140.5,5153.1,-0.3683501772907546,1.5,97.3,17914,8.19,506.668,5270,23942,2601,116.3,72.24,-1.3,82071,61.2785,7.43,6604,22099,0
1988-10-01,291400.0,141.4,5166.1,-0.0888067466103543,7.2,94.1,17966,8.3,517.213,5262,23987,2609,117.5,72.635,5.4,82289,61.5488,7.5,6568,22118,0
1988-11-01,290500.0,142.0,5177.1,-0.220543280024973,4.0,93.0,18003,8.35,517.213,5273,24030,2616,117.7,73.071,4.3,82587,61.7049,7.86,6537,22152,0
1988-12-01,293200.0,142.7,5195.3,-0.2299956387830225,6.1,91.9,18025,8.76,517.213,5277,24054,2626,118.2,73.464,0.6,82844,61.9851,8.22,6518,22208,0
1989-01-01,289750.0,143.8,5219.0,-0.2495266983272179,3.6,97.9,18057,9.12,552.879,5289,24097,2620,118.4,73.945,-5.2,83064,62.1677,8.36,6682,22250,0
1989-02-01,303750.0,144.9,5239.3,-0.3532109920985159,20.5,95.4,18055,9.36,552.879,5278,24080,2627,117.1,74.381,-1.7,83347,61.8916,8.55,6359,22343,0
1989-03-01,322000.0,145.8,5260.1,-0.3679190692072807,-1.2,94.3,18060,9.85,552.879,5260,24069,2629,118.1,74.778,6.5,83552,62.0508,8.85,6205,22422,0
1989-04-01,311800.0,146.6,5252.5,-0.2064590114637833,5.6,91.5,18055,9.84,566.694,5295,24100,2637,118.6,75.085,1.8,83691,62.0289,8.65,6468,22440,0
1989-05-01,324500.0,147.5,5251.9,0.0308491929698049,10.1,90.7,18040,9.81,566.694,5299,24089,2643,118.9,75.305,5.1,83824,61.6871,8.41,6375,22485,0
1989-06-01,333000.0,148.6,5246.8,0.4787594186142248,-0.3,90.6,18013,9.53,566.694,5298,24052,2646,118.7,75.47800000000001,1.8,83975,61.6857,7.93,6577,22511,0
1989-07-01,341600.0,149.6,5246.4,0.6428128812428608,12.6,92.0,17980,9.24,571.581,5317,24027,2639,118.3,75.655,-1.6,84042,61.0896,7.61,6495,22528,0
1989-08-01,334500.0,150.6,5254.0,0.4814889651905647,7.5,89.6,17964,8.99,571.581,5330,24048,2498,117.1,75.833,-0.2,84072,61.6847,7.74,6511,22579,0
1989-09-01,336000.0,151.8,5240.6,0.3043428349987575,3.7,95.8,17922,9.02,571.581,5323,24000,2610,118.7,76.053,-2.9,84369,61.4794,7.74,6590,22555,0
1989-10-01,363250.0,152.8,5239.2,-0.0505004284517205,4.2,93.9,17895,8.84,579.785,5347,23997,2616,119.6,76.28,23.9,84479,61.4014,7.62,6630,22535,0
1989-11-01,336750.0,154.1,5241.0,-0.341737714805999,0.3,90.9,17886,8.55,579.785,5364,24009,2620,120.0,76.518,12.8,84743,61.6081,7.49,6725,22551,0
1989-12-01,355200.0,154.9,5239.1,-0.467084226512801,-3.9,90.5,17881,8.45,579.785,5309,23949,2682,119.8,76.704,5.3,84887,61.9588,7.42,6667,22503,0
1990-01-01,361000.0,156.0,5249.7,-0.7014772540773616,-2.9,93.0,17797,8.23,582.523,5422,23981,2671,119.9,76.89699999999999,22.2,85215,61.6352,7.55,6752,22692,0
1990-02-01,358250.0,157.1,5239.8,-1.2033652528854688,1.4,89.5,17893,8.24,582.523,5416,24069,2676,122.0,77.053,17.8,85367,62.1951,7.7,6651,22672,0
1990-03-01,345200.0,158.3,5233.3,-1.1689591593465631,3.2,91.3,17868,8.28,582.523,5392,24021,2680,123.8,77.20100000000001,0.2,85619,62.4916,7.85,6598,22673,0
1990-04-01,361750.0,159.6,5235.4,-1.2655153660402307,5.1,93.9,17845,8.26,594.611,5355,23966,2684,124.1,77.278,3.3,85708,62.3511,7.84,6797,22675,0
1990-05-01,355250.0,160.8,5229.6,-1.3366254101780126,-2.4,90.6,17796,8.18,594.611,5321,23887,2689,124.0,77.297,2.9,85941,62.5353,7.76,6742,22667,0
1990-06-01,362400.0,162.0,5236.4,-1.5792860218699312,2.5,88.3,17775,8.29,594.611,5303,23849,2694,124.2,77.258,15.2,86001,62.7479,7.63,6590,22660,0
1990-07-01,367000.0,163.4,5235.1,-1.8406319111970368,-2.9,88.2,17703,8.15,600.726,5274,23746,2697,124.2,77.138,7.4,86069,62.6435,7.52,6922,22644,0
1990-08-01,384250.0,164.8,5238.1,-2.1335043114596117,0.7,76.4,17650,8.13,600.726,5234,23649,2696,124.5,77.009,4.9,85957,62.8704,7.38,7188,22605,1
1990-09-01,394000.0,165.9,5228.2,-2.012183359122726,-1.7,72.8,17609,8.2,600.726,5197,23572,2693,125.4,76.85,5.0,85951,62.8839,7.32,7368,22594,1
1990-10-01,425250.0,167.3,5216.9,-1.7814964176786194,-3.6,63.9,17577,8.11,600.814,5134,23474,2694,125.4,76.699,2.5,85903,62.4973,7.16,7459,22581,1
1990-11-01,446750.0,168.7,5209.5,-1.191336601333356,2.7,66.0,17428,7.81,600.814,5095,23284,2690,125.4,76.369,0.7,85938,61.7175,7.03,7764,22559,1
1990-12-01,455000.0,169.8,5206.7,-0.8427993226600787,3.0,65.5,17395,7.31,600.814,5047,23202,2692,126.2,76.185,-2.8,85966,61.2885,6.7,7901,22553,1
1991-01-01,439750.0,171.0,5186.0,-0.4590482298497611,-10.0,66.8,17330,6.91,580.772,4972,23061,2697,126.9,75.914,7.1,85997,61.0842,6.28,8015,22483,1
1991-02-01,484000.0,172.1,5170.9,0.1974904034126769,-0.3,70.4,17213,6.25,580.772,4929,22901,2693,127.3,75.733,11.7,85834,60.6387,5.93,8265,22379,1
1991-03-01,498600.0,173.2,5161.7,0.2738519364321784,-2.2,87.7,17140,6.12,580.772,4881,22777,2689,127.0,75.568,21.3,85791,60.2973,5.92,8586,22328,1
1991-04-01,467250.0,174.3,5154.5,-0.2107361674426863,-7.3,81.8,17093,5.91,585.925,4842,22687,2689,127.5,75.568,8.0,85663,60.4524,5.71,8439,22247,0
1991-05-01,447000.0,175.2,5148.2,-0.5989893856245561,-7.4,78.3,17071,5.78,585.925,4800,22619,2684,128.0,75.764,9.7,85634,61.0587,5.61,8736,22227,0
1991-06-01,428600.0,176.4,5146.0,-0.8749622000025427,-4.7,82.1,17045,5.9,585.925,4782,22573,2680,127.9,75.997,15.2,85757,61.5514,5.75,8692,22211,0
1991-07-01,418250.0,177.4,5144.2,-1.1301085116041816,-6.8,82.9,17015,5.82,590.237,4752,22508,2677,128.7,76.081,14.5,85782,61.7201,5.7,8586,22213,0
1991-08-01,431600.0,178.8,5139.3,-1.2670848136997004,-9.6,82.0,17026,5.66,590.237,4733,22494,2671,129.9,76.108,13.9,85805,61.7289,5.39,8666,22208,0
1991-09-01,424500.0,179.9,5138.8,-1.165447087062541,3.5,83.0,17010,5.45,590.237,4728,22467,2670,130.0,76.196,24.1,85868,62.2369,5.25,8722,22185,0
1991-10-01,422750.0,180.9,5133.0,-0.9703768518387796,-0.7,78.3,16999,5.21,598.671,4698,22419,2667,130.1,76.074,26.2,85942,62.1718,5.04,8842,22163,0
1991-11-01,445400.0,181.9,5128.9,-0.6058181633522496,-5.4,69.1,16961,4.81,598.671,4640,22316,2656,131.0,76.014,25.6,85984,62.0894,4.61,8931,22145,0
1991-12-01,456750.0,183.1,5125.7,-0.2439105224479561,-1.4,68.2,16917,4.43,598.671,4647,22274,2656,130.7,76.056,17.5,86056,61.806,4.1,9198,22142,0
1992-01-01,439000.0,184.3,5114.1,-0.0404347161545036,-9.3,67.5,16839,4.03,588.897,4667,22213,2638,130.9,76.09100000000001,15.4,86152,61.4823,3.87,9283,22104,0
1992-02-01,442200.0,185.6,5111.1,-0.305373378371222,-7.5,68.8,16828,4.06,588.897,4612,22141,2640,131.0,76.16199999999999,14.2,86172,61.9192,3.93,9454,22107,0
1992-03-01,429500.0,186.8,5108.4,-0.4753669949691659,-5.0,76.0,16805,3.98,588.897,4621,22126,2642,131.3,76.281,5.8,86241,62.4403,4.18,9460,22107,0
1992-04-01,418250.0,187.9,5096.8,-0.4274376192504654,-6.1,77.2,16830,3.73,607.169,4603,22131,2639,130.7,76.35,6.9,86386,62.9199,3.87,9415,22115,0
1992-05-01,417400.0,188.7,5086.0,-0.5169768298236243,-4.7,79.2,16835,3.82,607.169,4605,22135,2638,131.6,76.402,13.5,86512,63.1268,3.75,9744,22103,0
1992-06-01,418750.0,189.6,5078.8,-0.6854653068129019,-3.1,80.4,16826,3.76,607.169,4584,22098,2638,132.1,76.335,12.1,86609,63.1624,3.77,10040,22107,0
1992-07-01,442750.0,190.6,5060.1,-0.5833036712293864,-3.8,76.6,16820,3.25,616.201,4570,22075,2637,132.7,76.267,18.4,86717,63.7348,3.28,9850,22067,0
1992-08-01,407200.0,191.5,5051.7,-0.3917562304803769,-4.0,76.1,16782,3.3,616.201,4581,22044,2635,132.3,76.234,21.6,86872,63.3802,3.21,9787,22051,0
1992-09-01,417000.0,192.4,5041.5,-0.4143280439588172,2.0,75.6,16760,3.22,616.201,4584,22019,2638,132.2,76.243,6.7,86933,63.5834,2.96,9781,22046,0
1992-10-01,377800.0,193.5,5042.5,-0.5039348361115132,-3.1,73.3,16751,3.1,638.942,4600,22029,2645,132.5,76.38,13.0,87109,64.0178,3.04,9398,22064,0
1992-11-01,362250.0,194.5,5039.7,-0.5821761848751976,0.2,85.3,16758,3.09,638.942,4606,22041,2650,132.7,76.563,13.6,87242,64.2628,3.34,9565,22069,0
1992-12-01,339000.0,195.3,5030.9,-0.6603018644285285,-1.3,91.0,16770,2.92,638.942,4630,22076,2654,132.8,76.679,7.8,87426,64.3599,3.36,9557,22086,0
1993-01-01,345600.0,196.4,5033.9,-1.1568088009774136,-2.0,89.3,16790,3.02,617.005,4664,22131,2655,132.8,76.78699999999999,0.1,87659,64.6135,3.14,9325,22147,0
1993-02-01,338250.0,197.4,5030.9,-1.1120608919190682,-3.3,86.6,16804,3.03,617.005,4714,22188,2656,134.0,76.84,17.0,87860,64.9262,3.07,9183,22196,0
1993-03-01,351000.0,198.1,5026.7,-0.8695271058369974,-4.6,85.9,16795,3.07,617.005,4676,22142,2651,134.0,76.87100000000001,21.7,87862,64.8627,3.05,9056,22181,0
1993-04-01,354750.0,199.1,5033.1,-0.4722866696845783,-11.4,85.6,16772,2.96,643.507,4690,22131,2658,134.0,76.939,16.0,88169,65.0423,2.97,9110,22209,0
1993-05-01,343600.0,200.5,5044.8,-0.4265867487893861,5.0,80.3,16766,3.0,643.507,4753,22190,2661,133.5,77.04,4.9,88381,64.8006,3.07,9149,22257,0
1993-06-01,342750.0,201.3,5046.3,-0.0800063268535834,4.5,81.5,16742,3.04,643.507,4760,22166,2666,133.0,77.24600000000001,14.7,88576,64.9476,3.2,9121,22307,0
1993-07-01,350800.0,202.2,5059.7,0.1422241927812064,-5.4,77.0,16740,3.06,659.21,4783,22184,2667,132.8,77.433,-3.4,88870,65.1142,3.16,8930,22364,0
1993-08-01,341000.0,202.8,5055.3,0.1028287634262261,-0.6,77.3,16740,3.03,659.21,4806,22202,2674,134.0,77.618,4.9,88998,65.0421,3.14,8763,22376,0
1993-09-01,339000.0,203.6,5070.0,0.0880034114385744,-4.3,77.9,16770,3.09,659.21,4823,22253,2674,133.7,77.79899999999999,3.5,89196,65.3749,3.06,8714,22429,0
1993-10-01,349800.0,204.5,5078.6,0.0084473135466295,-2.8,82.7,16778,2.99,675.296,4868,22305,2677,133.8,77.946,0.0,89429,65.863,3.12,8750,22482,0
1993-11-01,341000.0,205.1,5088.0,0.0033218332805022,0.6,81.2,16800,3.02,675.296,4887,22346,2683,134.4,78.152,3.0,89642,66.1696,3.26,8542,22512,0
1993-12-01,323000.0,205.8,5102.6,-0.0657292436260314,-0.7,88.2,16815,2.96,675.296,4925,22413,2691,134.1,78.33,8.1,89911,66.5531,3.23,8477,22574,0
1994-01-01,359200.0,206.4,5116.3,-0.4887419855506904,7.7,94.3,16855,3.05,673.667,4940,22465,2700,133.3,78.594,10.9,90136,66.7591,3.15,8630,22613,0
1994-02-01,348500.0,207.2,5127.3,-0.7693858384662636,2.0,93.2,16862,3.25,673.667,4923,22451,2708,133.2,78.73,-4.9,90331,66.8019,3.43,8583,22710,0
1994-03-01,335750.0,207.9,5143.6,-0.9394416338386732,13.2,91.5,16897,3.34,673.667,4990,22550,2713,133.8,78.859,24.4,90695,67.4704,3.78,8470,22815,0
1994-04-01,344000.0,209.0,5160.9,-1.118503679762386,11.2,92.6,16933,3.56,697.839,5047,22641,2722,133.5,78.99,11.2,90948,67.8707,4.09,8331,22833,0
1994-05-01,359000.0,209.7,5177.9,-1.2798430375120164,8.9,92.8,16961,4.01,697.839,5084,22703,2726,134.0,79.226,-9.0,91219,68.187,4.6,7915,22948,0
1994-06-01,340000.0,210.5,5195.1,-1.3091108738639616,8.5,91.2,17009,4.25,697.839,5097,22764,2731,134.8,79.426,3.5,91475,68.645,4.55,7927,23027,0
1994-07-01,342200.0,211.3,5209.1,-1.4039650149168517,14.5,89.0,17025,4.26,695.382,5125,22807,2735,134.2,79.598,3.4,91801,68.7317,4.75,7946,23114,0
1994-08-01,336250.0,212.2,5236.7,-1.4339568342594,11.0,91.7,17081,4.47,695.382,5139,22876,2751,133.2,79.78399999999999,-7.9,92027,69.1882,4.88,7933,23201,0
1994-09-01,330250.0,213.1,5256.3,-1.2886139237227594,6.0,91.5,17114,4.73,695.382,5175,22947,2752,133.6,79.923,-3.7,92300,69.3935,5.04,7734,23293,0
1994-10-01,333400.0,214.1,5274.3,-1.22551843885284,12.7,92.7,17144,4.76,705.402,5177,22974,2765,133.0,80.068,-14.5,92483,69.9576,5.39,7632,23361,0
1994-11-01,328000.0,215.0,5290.7,-1.3268710215677908,12.6,91.6,17186,5.29,705.402,5210,23049,2776,132.5,80.153,-9.4,92819,70.4288,5.72,7375,23465,0
1994-12-01,323200.0,215.9,5310.0,-1.324649158450577,9.9,95.1,17218,5.45,705.402,5226,23096,2789,132.1,80.3,-1.5,93077,71.1273,6.21,7230,23549,0
1995-01-01,333500.0,216.6,5333.3,-1.289396344991416,19.3,97.6,17262,5.53,724.613,5234,23147,2785,132.2,80.429,-2.8,93358,71.2635,6.21,7375,23616,0
1995-02-01,337750.0,217.4,5357.4,-1.0548556159095248,18.7,95.1,17266,5.92,724.613,5192,23105,2814,131.9,80.531,-19.5,93589,71.1758,6.03,7187,23672,0
1995-03-01,340250.0,218.1,5370.8,-0.6850772108788151,12.3,90.3,17263,5.98,724.613,5242,23151,2823,132.2,80.601,-10.6,93757,71.2796,5.89,7153,23667,0
1995-04-01,350200.0,218.6,5378.4,-0.438694069036315,8.0,92.5,17278,6.05,746.808,5252,23174,2833,131.9,80.664,65.4,93891,71.1538,5.77,7645,23726,0
1995-05-01,370250.0,219.2,5381.0,-0.0770700898238431,15.3,89.8,17258,6.01,746.808,5220,23119,2834,131.6,80.707,-7.4,93928,71.4997,5.67,7430,23725,0
1995-06-01,366250.0,219.9,5400.5,0.1772778742348175,7.5,92.7,17247,6.0,746.808,5250,23137,2837,131.3,80.789,-4.8,94154,71.7327,5.42,7427,23777,0
1995-07-01,371400.0,220.6,5404.8,0.2538490216676256,13.2,94.4,17218,5.85,752.216,5262,23119,2849,131.4,80.94,-3.2,94263,71.4334,5.37,7527,23780,0
1995-08-01,356250.0,221.6,5407.6,0.1470092687304515,6.9,96.2,17240,5.74,752.216,5286,23164,2851,132.5,81.113,9.9,94482,72.3723,5.41,7484,23829,0
1995-09-01,362000.0,222.4,5413.4,0.0732861213141031,5.3,88.9,17247,5.8,752.216,5324,23208,2864,132.3,81.309,3.4,94665,72.6543,5.3,7478,23851,0
1995-10-01,371500.0,223.0,5415.7,0.0293646231681186,1.2,90.2,17216,5.76,769.99,5353,23206,2873,132.4,81.485,-0.6,94820,72.5336,5.32,7328,23885,0
1995-11-01,377000.0,223.7,5422.1,0.2089732876325337,10.9,88.2,17208,5.8,769.99,5358,23200,2880,132.0,81.622,-7.3,94965,72.717,5.27,7426,23917,0
1995-12-01,365000.0,224.3,5427.8,0.1494138827233345,3.7,91.0,17231,5.6,769.99,5344,23210,2884,132.2,81.73899999999999,-4.1,95115,72.9638,5.13,7423,23933,0
1996-01-01,374000.0,225.2,5429.3,0.1075419862696885,11.5,89.3,17208,5.56,801.731,5355,23196,2888,132.7,81.83800000000001,-5.4,95121,72.5712,4.92,7491,23935,0
1996-02-01,377250.0,225.7,5432.2,0.3558478824247423,3.9,88.5,17230,5.22,801.731,5415,23281,2892,132.2,81.95700000000001,13.4,95456,73.6207,4.77,7313,23972,0
1996-03-01,386400.0,226.2,5439.4,0.2813282358417144,5.3,93.7,17193,5.31,801.731,5446,23276,2903,132.6,82.198,-7.9,95716,73.5141,4.96,7318,24014,0
1996-04-01,359250.0,226.8,5447.2,0.0782300829241287,8.3,92.7,17204,5.22,839.564,5474,23316,2910,131.8,82.42399999999999,1.9,95842,74.2491,5.06,7415,24027,0
1996-05-01,344500.0,227.4,5460.1,0.0376929391803538,7.2,89.4,17222,5.24,839.564,5498,23358,2920,131.8,82.613,7.0,96138,74.8142,5.12,7423,24127,0
1996-06-01,342200.0,228.0,5475.3,-0.0794129513815567,7.6,92.4,17226,5.27,839.564,5534,23399,2932,131.6,82.756,-3.4,96371,75.3726,5.25,7095,24182,0
1996-07-01,337000.0,228.6,5480.1,-0.1718645929941559,5.8,94.7,17222,5.4,843.542,5557,23417,2945,131.3,82.932,1.9,96602,75.3738,5.3,7337,24228,0
1996-08-01,331800.0,229.1,5496.1,-0.1628404997569855,4.7,95.3,17256,5.22,843.542,5586,23479,2957,130.6,83.09,-3.4,96719,75.7557,5.13,6882,24255,0
1996-09-01,342750.0,229.7,5509.1,-0.3317756613260577,17.4,94.7,17251,5.3,843.542,5610,23496,2969,131.3,83.26,0.9,96904,76.2302,5.24,6979,24280,0
1996-10-01,339000.0,230.3,5528.3,-0.2983667726565398,11.4,96.5,17268,5.24,863.498,5643,23546,2977,131.3,83.38,4.1,97119,76.2157,5.11,7031,24354,0
1996-11-01,336400.0,231.0,5538.0,-0.2670206171090995,9.3,99.2,17277,5.31,863.498,5668,23584,2990,131.6,83.555,5.0,97363,76.8973,5.07,7236,24387,0
1996-12-01,353500.0,231.2,5541.6,-0.3165404680919388,9.8,96.9,17284,5.29,863.498,5675,23599,2997,131.9,83.72399999999999,-6.9,97544,77.3772,5.04,7253,24425,0
1997-01-01,339000.0,231.8,5544.7,-0.1524611011509794,6.3,97.4,17297,5.25,902.112,5675,23618,3009,132.3,83.958,4.4,97739,77.5135,5.1,7158,24432,0
1997-02-01,320750.0,232.2,5562.0,-0.0110365756581817,10.6,99.7,17315,5.19,902.112,5722,23684,3025,133.0,84.18299999999999,4.5,97990,78.4255,5.06,7102,24458,0
1997-03-01,319400.0,233.0,5576.7,0.1667117318743628,10.0,100.0,17340,5.39,902.112,5751,23739,3044,132.4,84.454,14.2,98252,78.9197,5.26,7000,24514,0
1997-04-01,327000.0,233.5,5590.6,0.3282214283424576,12.5,101.4,17351,5.51,916.234,5764,23767,3056,133.0,84.625,21.8,98521,78.9848,5.37,6873,24552,0
1997-05-01,323800.0,234.1,5601.6,0.5143624704594836,8.2,103.2,17364,5.5,916.234,5793,23811,3071,133.3,84.86399999999999,-3.5,98749,79.4296,5.3,6655,24582,0
1997-06-01,325500.0,234.4,5613.7,0.4946351358417389,7.6,104.5,17387,5.56,916.234,5793,23834,3087,133.1,85.084,11.1,98982,79.7971,5.13,6799,24618,0
1997-07-01,320250.0,234.7,5632.6,0.658460365780921,6.3,107.1,17388,5.52,941.108,5817,23861,3093,133.3,85.335,8.3,99253,80.4666,5.12,6655,24653,0
1997-08-01,330200.0,235.1,5643.5,0.5999695749616326,10.0,104.4,17453,5.54,941.108,5846,23953,3103,132.7,85.57700000000001,0.2,99133,81.2825,5.19,6608,24543,0
1997-09-01,315250.0,235.5,5650.8,0.4993077189377395,11.1,106.0,17465,5.54,941.108,5874,23996,3108,132.9,85.855,20.4,99579,82.0327,5.09,6656,24737,0
1997-10-01,310000.0,236.1,5671.3,0.5394331222431171,6.0,105.6,17514,5.5,967.83,5883,24055,3123,132.7,86.15100000000001,16.1,99869,82.7656,5.09,6454,24806,0
1997-11-01,314600.0,236.9,5679.2,0.5051953753359051,8.9,107.2,17556,5.52,967.83,5899,24111,3132,132.7,86.637,31.9,100115,83.427,5.17,6308,24862,0
1997-12-01,313250.0,237.8,5688.6,0.7523236914676127,7.8,102.1,17587,5.5,967.83,5938,24184,3146,133.0,87.09700000000001,6.8,100365,83.784,5.24,6476,24903,0
1998-01-01,321200.0,238.1,5710.6,1.0159411115825718,14.6,106.6,17619,5.56,996.132,5983,24261,3155,133.1,87.62,26.3,100545,84.1564,5.03,6368,24927,0
1998-02-01,319000.0,238.8,5719.5,1.1938293329955956,10.2,110.4,17627,5.51,996.132,5997,24282,3169,133.0,88.008,12.6,100735,84.3066,5.07,6306,24945,0
1998-03-01,315000.0,239.4,5730.8,1.2883772982029635,6.2,106.5,17637,5.49,996.132,5969,24263,3177,132.7,88.447,21.6,100902,84.342,5.04,6422,24962,0
1998-04-01,311000.0,240.3,5739.2,1.389713641480533,-1.5,108.7,17637,5.45,1022.352,6049,24340,3193,132.3,88.883,-15.3,101106,84.6339,5.06,5941,24995,0
1998-05-01,311200.0,241.2,5750.3,1.3684799534704917,18.1,106.5,17624,5.49,1022.352,6087,24362,3203,132.7,89.368,15.0,101484,85.1867,5.14,6047,25073,0
1998-06-01,338000.0,241.8,5754.3,1.3722948501597836,21.4,105.6,17607,5.56,1022.352,6130,24385,3209,133.3,89.848,-9.8,101691,84.6809,5.12,6212,25104,0
1998-07-01,333000.0,242.5,5753.2,1.2104366450612118,8.0,105.2,17423,5.54,1043.209,6172,24238,3227,133.5,90.313,5.5,101973,84.3445,5.03,6259,25144,0
1998-08-01,312600.0,243.3,5758.4,1.12262444968536,8.5,104.4,17563,5.55,1043.209,6215,24420,3230,135.1,90.789,21.8,102126,86.0816,4.95,6179,25183,0
1998-09-01,304000.0,244.1,5766.1,1.092315902638494,10.7,100.9,17557,5.51,1043.209,6225,24419,3241,133.1,91.262,-0.2,102325,86.0023,4.63,6300,25224,0
1998-10-01,310600.0,244.8,5766.1,1.124411087596644,25.4,97.4,17512,5.07,1067.989,6262,24406,3258,132.7,91.72,20.1,102542,86.591,4.05,6280,25240,0
1998-11-01,316000.0,245.3,5774.8,1.0002830766947723,14.5,102.7,17466,4.83,1067.989,6301,24395,3271,132.7,92.203,25.7,102828,86.5115,4.42,6100,25291,0
1998-12-01,316000.0,245.9,5790.4,0.8019042346374887,-3.3,100.5,17449,4.68,1067.989,6378,24454,3288,132.0,92.715,0.9,103141,86.8615,4.4,6032,25361,0
1999-01-01,326200.0,246.5,5787.4,0.5482576939908144,-0.8,103.9,17427,4.63,1077.946,6357,24401,3303,131.5,93.211,-2.1,103298,87.2205,4.33,5976,25380,0
1999-02-01,301500.0,247.3,5810.6,0.3466410007936392,-4.0,108.1,17395,4.76,1077.946,6429,24434,3330,130.8,93.675,-6.8,103684,87.726,4.44,6111,25484,0
1999-03-01,302750.0,247.9,5815.7,0.2512977789425066,8.9,105.7,17368,4.81,1077.946,6402,24378,3336,130.4,94.222,8.7,103856,87.9125,4.47,5783,25520,0
1999-04-01,308500.0,248.7,5823.1,0.0333045645995233,1.4,104.6,17343,4.74,1095.158,6480,24425,3357,131.7,94.79,0.8,104171,88.1082,4.37,6004,25580,0
1999-05-01,301600.0,249.3,5829.5,0.1174633248120836,-5.3,106.8,17333,4.74,1095.158,6516,24445,3391,131.7,95.349,0.7,104368,88.6483,4.56,5796,25630,0
1999-06-01,294000.0,250.0,5837.5,0.1802630680890764,9.9,107.3,17294,4.76,1095.158,6547,24433,3405,131.7,95.98,10.9,104651,88.5903,4.82,5951,25680,0
1999-07-01,298000.0,250.9,5851.0,0.068577754216878,11.6,106.0,17308,4.99,1120.596,6571,24473,3427,131.5,96.595,4.3,104948,89.1098,4.58,6025,25745,0
1999-08-01,290750.0,251.7,5864.7,-0.1145981350041238,13.3,104.5,17287,5.07,1120.596,6586,24467,3451,130.9,97.222,9.7,105105,89.5007,4.87,5838,25774,0
1999-09-01,289500.0,252.5,5873.6,-0.0931223053814801,7.4,107.2,17282,5.22,1120.596,6613,24486,3476,131.2,97.866,7.4,105286,89.1304,4.88,5915,25829,0
1999-10-01,290400.0,253.1,5881.0,-0.0147462967053804,2.1,103.2,17274,5.2,1153.957,6640,24506,3497,131.4,98.526,11.2,105672,90.2709,4.98,5778,25882,0
1999-11-01,281750.0,253.9,5894.2,0.0273102996805385,27.3,107.2,17282,5.42,1153.957,6687,24561,3515,131.0,99.157,-1.9,105906,90.7528,5.2,5716,25920,0
1999-12-01,278500.0,254.9,5904.7,0.0690987304558396,1.4,105.4,17279,5.3,1153.957,6709,24581,3532,131.3,99.847,12.4,106202,91.4784,5.44,5653,26019,0
2000-01-01,288400.0,255.6,5908.1,-0.0755480284296189,3.9,112.0,17284,5.45,1208.755,6752,24629,3552,130.7,100.552,4.3,106382,91.4092,5.5,5708,26043,0
2000-02-01,293750.0,256.5,5909.7,-0.0650684224215822,15.6,111.3,17284,5.73,1208.755,6730,24608,3570,130.4,101.339,-8.2,106513,91.7245,5.72,5858,26061,0
2000-03-01,274750.0,257.7,5925.7,-0.2155470038527718,11.9,107.1,17302,5.85,1208.755,6811,24706,3591,130.3,102.127,13.9,106898,92.083,5.85,5733,26118,0
2000-04-01,271600.0,258.4,5913.5,-0.0619580954064873,11.7,109.2,17299,6.02,1230.16,6794,24689,3609,129.8,102.922,5.5,107194,92.6659,5.81,5481,26184,0
2000-05-01,282250.0,259.2,5902.5,-0.0353641023924756,19.5,110.7,17278,6.27,1230.16,6770,24646,3615,129.7,103.678,4.1,107459,92.9347,6.1,5758,26118,0
2000-06-01,291000.0,260.3,5905.5,0.0110305732654569,12.7,106.4,17295,6.53,1230.16,6778,24670,3642,129.3,104.425,7.8,107392,93.0018,5.97,5651,26140,0
2000-07-01,295000.0,261.2,5890.7,0.0827377153562899,6.9,108.3,17322,6.54,1247.708,6794,24717,3658,128.9,105.055,12.9,107511,92.8373,6.0,5747,26150,0
2000-08-01,312750.0,262.4,5879.7,0.3103139422614482,3.9,107.3,17287,6.5,1247.708,6796,24683,3584,128.9,105.769,0.5,107551,92.591,6.07,5853,26179,0
2000-09-01,300200.0,263.3,5864.5,0.3215128853107727,1.8,106.8,17229,6.52,1247.708,6807,24641,3676,129.5,106.539,6.5,107697,92.9827,5.98,5625,26175,0
2000-10-01,301000.0,264.1,5864.3,0.4077790460209739,5.1,105.8,17217,6.51,1258.695,6814,24638,3676,129.2,107.384,-21.2,107714,92.64,6.04,5534,26193,0
2000-11-01,334250.0,264.7,5859.1,0.5003685981899362,2.5,107.6,17202,6.51,1258.695,6817,24624,3685,129.2,108.303,-6.0,107932,92.6604,6.06,5639,26210,0
2000-12-01,346000.0,265.6,5836.8,0.4078093371737726,4.9,98.4,17181,6.4,1258.695,6792,24574,3707,129.1,109.142,15.3,108142,92.3457,5.68,5634,26263,0
2001-01-01,340000.0,267.2,5815.5,0.4960564881387027,10.4,94.7,17105,5.98,1301.904,6824,24535,3711,129.4,109.848,12.1,108168,91.8908,4.95,6023,26180,0
2001-02-01,371250.0,268.3,5797.5,0.8472180776298136,0.0,90.6,17030,5.49,1301.904,6841,24478,3716,129.6,110.502,-6.6,108310,91.2851,4.71,6089,26177,0
2001-03-01,387200.0,269.4,5778.1,1.141882933246967,-1.8,91.5,16938,5.31,1301.904,6862,24410,3718,129.5,111.109,-1.9,108341,91.0585,4.28,6141,26139,0
2001-04-01,396750.0,270.4,5761.4,1.2256437554540465,-3.8,88.4,16802,4.8,1308.869,6844,24255,3686,128.2,111.652,8.8,108202,90.7384,3.85,6271,26007,1
2001-05-01,394500.0,271.3,5746.8,1.27785574056033,-5.6,92.0,16660,4.21,1308.869,6849,24118,3663,127.4,112.163,8.2,108291,90.2607,3.62,6226,25992,1
2001-06-01,397200.0,272.4,5729.0,1.3160337691282744,-13.3,92.6,16513,3.97,1308.869,6840,23963,3642,127.4,112.797,9.7,108336,89.7811,3.45,6484,25958,1
2001-07-01,398000.0,272.8,5716.3,1.1882317815064187,-9.2,92.4,16381,3.77,1113.622,6845,23836,3619,127.3,113.492,9.6,108335,89.2352,3.45,6583,25886,1
2001-08-01,398000.0,274.3,5709.8,1.1581355384104848,-9.0,91.5,16233,3.65,1113.622,6827,23668,3598,126.4,114.168,11.7,108353,89.157,3.29,7042,25875,1
2001-09-01,435000.0,275.2,5694.6,1.0048108789976422,4.2,81.8,16116,3.07,1113.622,6813,23535,3581,125.8,114.812,17.1,108228,88.6749,2.63,7142,25790,1
2001-10-01,480750.0,276.3,5682.8,1.5603118904157696,-17.5,82.7,15973,2.49,1231.793,6804,23379,3557,125.8,115.309,8.4,108073,88.4051,2.12,7694,25718,1
2001-11-01,447500.0,277.4,5664.0,1.6400512068560142,-12.4,83.9,15825,2.09,1231.793,6784,23209,3536,125.4,115.855,13.9,107935,87.886,1.88,8003,25632,1
2001-12-01,416800.0,278.2,5645.4,1.5142823589003391,-14.4,88.8,15712,1.82,1231.793,6785,23094,3521,124.9,116.453,21.7,107889,87.8518,1.78,8258,25548,0
2002-01-01,408500.0,279.8,5641.2,1.209703499667112,-10.5,93.0,15588,1.73,1075.158,6775,22963,3495,124.4,117.143,-0.5,107896,88.4634,1.73,8182,25486,0
2002-02-01,399000.0,280.4,5626.0,0.8221611834029933,4.5,90.7,15518,1.74,1075.158,6766,22880,3471,124.6,117.844,1.0,107856,88.4578,1.82,8215,25480,0
2002-03-01,415400.0,281.4,5618.6,0.1694100559579045,-5.6,95.7,15443,1.73,1075.158,6755,22787,3454,125.3,118.688,16.5,107935,89.1265,2.0,8304,25470,0
2002-04-01,429250.0,282.7,5607.3,-0.2712223278676332,-14.5,93.0,15392,1.75,1050.988,6710,22689,3435,125.1,119.612,10.8,107926,89.5507,1.92,8599,25457,0
2002-05-01,409000.0,283.9,5606.4,-0.2841771249114058,-12.8,96.9,15338,1.75,1050.988,6684,22606,3417,124.6,120.725,4.2,108026,89.9348,1.86,8399,25441,0
2002-06-01,387200.0,284.6,5610.0,-0.2044255792013955,-8.3,92.4,15297,1.75,1050.988,6701,22577,3401,123.9,121.814,12.1,108096,90.6736,1.79,8393,25442,0
2002-07-01,386000.0,286.4,5607.9,-0.1499193506766806,-9.4,88.1,15256,1.73,1044.121,6688,22521,3381,123.5,122.888,6.6,108062,90.6436,1.69,8390,25450,0
2002-08-01,393600.0,287.2,5598.0,-0.0636432992780569,-5.0,87.6,15171,1.74,1044.121,6701,22448,3370,124.3,123.832,23.3,108134,90.5505,1.6,8304,25397,0
2002-09-01,409500.0,288.1,5598.5,0.0553649206387549,-6.9,86.1,15119,1.75,1044.121,6702,22396,3344,123.4,124.781,15.6,108107,90.6373,1.6,8251,25349,0
2002-10-01,407500.0,289.8,5596.1,0.0822084865502385,-3.4,80.6,15059,1.75,1038.444,6689,22323,3349,123.0,125.736,21.0,108294,90.3988,1.56,8307,25362,0
2002-11-01,392200.0,291.2,5581.5,0.2404479640259934,-2.6,84.2,14992,1.34,1038.444,6713,22282,3328,123.1,126.671,27.0,108334,90.8947,1.27,8520,25330,0
2002-12-01,414250.0,292.1,5584.1,0.1893266245958067,-3.6,86.7,14911,1.24,1038.444,6700,22188,3288,122.7,127.625,31.3,108277,90.3906,1.24,8640,25342,0
2003-01-01,395000.0,292.7,5574.1,-0.0408302710262063,-8.9,82.4,14867,1.24,1021.348,6704,22146,3264,122.1,128.46200000000002,1.0,108427,91.1369,1.2,8520,25296,0
2003-02-01,411000.0,293.0,5581.7,-0.0114831870845153,-11.7,79.9,14780,1.26,1021.348,6667,22022,3235,121.8,129.357,20.0,108419,91.2505,1.18,8618,25272,0
2003-03-01,427400.0,293.4,5577.5,0.3478174975802044,-4.4,77.6,14721,1.25,1021.348,6654,21945,3221,120.7,130.148,11.4,108290,91.0006,1.13,8588,25228,0
2003-04-01,436250.0,294.0,5572.3,0.9383728954312544,-3.0,86.0,14608,1.26,1020.795,6689,21863,3208,120.3,130.884,8.5,108309,90.4311,1.14,8842,25213,0
2003-05-01,424000.0,295.2,5566.1,1.0566813370307044,-14.4,92.1,14558,1.26,1020.795,6706,21834,3194,120.0,131.735,24.7,108362,90.4,1.08,8957,25192,0
2003-06-01,421750.0,296.1,5555.1,0.951076175941104,-11.2,89.7,14493,1.22,1020.795,6723,21788,3182,120.6,132.649,17.7,108397,90.5196,0.92,9266,25154,0
2003-07-01,411500.0,297.4,5546.8,0.6932491141187276,-10.0,90.9,14403,1.01,950.666,6735,21709,3176,121.1,133.77700000000002,-19.6,108475,90.9869,0.95,9011,25126,0
2003-08-01,400200.0,298.3,5539.6,0.3604564340590378,-14.8,89.3,14376,1.03,950.666,6760,21706,3163,120.8,134.968,-24.1,108447,90.7933,1.03,8896,25147,0
2003-09-01,395500.0,299.8,5537.8,-0.1085027335456919,-12.7,87.7,14346,1.01,950.666,6783,21699,3162,120.9,136.295,-0.1,108554,91.3819,1.01,8921,25185,0
2003-10-01,382000.0,300.4,5537.2,-0.1770594432815721,-16.4,89.6,14334,1.01,1021.343,6784,21692,3155,121.1,137.533,5.3,108748,91.5049,1.0,8732,25209,0
2003-11-01,363000.0,301.4,5538.5,-0.4982535515837441,-6.5,93.7,14316,1.0,1021.343,6796,21688,3150,120.8,138.795,18.4,108793,92.1265,1.02,8576,25192,0
2003-12-01,358250.0,303.0,5549.8,-0.8784679411373,-10.4,92.6,14299,0.98,1021.343,6827,21701,3150,120.2,140.181,10.6,108888,92.1732,0.99,8317,25183,0
2004-01-01,360200.0,303.8,5562.4,-1.127215757758394,-14.7,103.8,14291,1.0,1012.259,6848,21714,3141,120.1,141.64700000000002,-0.3,109042,92.3268,0.97,8370,25272,0
2004-02-01,360750.0,305.2,5568.7,-1.2706322358898745,-3.3,94.4,14279,1.01,1012.259,6838,21693,3141,120.1,143.192,44.0,109127,92.8995,0.99,8167,25280,0
2004-03-01,342000.0,306.5,5575.7,-1.2295127290192525,-6.5,95.8,14287,1.0,1012.259,6887,21758,3134,120.4,145.058,30.8,109381,92.5368,0.99,8491,25352,0
2004-04-01,348250.0,307.8,5596.7,-1.2912699202484883,-3.5,94.2,14315,1.0,1026.759,6901,21802,3130,120.6,146.593,-4.7,109610,92.8957,1.09,8170,25386,0
2004-05-01,336200.0,308.6,5598.5,-1.2783230246604012,-0.6,90.2,14342,1.0,1026.759,6948,21881,3135,120.9,148.186,-16.0,109816,93.5845,1.31,8212,25415,0
2004-06-01,349000.0,309.8,5602.3,-1.362415424148882,8.3,95.6,14334,1.03,1026.759,6962,21887,3136,121.2,149.851,6.3,109907,92.8651,1.6,8286,25456,0
2004-07-01,343000.0,310.8,5610.4,-1.0264784154144848,11.8,96.7,14331,1.26,1064.383,6977,21902,3124,121.0,151.338,-1.2,109951,93.5502,1.66,8136,25456,0
2004-08-01,340750.0,311.8,5618.5,-1.03692670247618,6.1,95.9,14345,1.43,1064.383,7003,21943,3108,120.3,152.634,1.9,109997,93.6301,1.72,7990,25468,0
2004-09-01,337250.0,312.9,5631.7,-0.973104858558444,5.4,94.2,14332,1.61,1064.383,7029,21958,3096,120.0,154.178,14.8,110133,93.7353,1.87,7927,25518,0
2004-10-01,334000.0,314.0,5635.2,-0.949266951015542,3.5,91.7,14332,1.76,1091.579,7077,22004,3099,120.3,155.75,-4.8,110427,94.5695,2.0,8061,25556,0
2004-11-01,328750.0,314.7,5637.2,-1.0109721933968912,10.9,92.8,14306,1.93,1091.579,7091,21996,3088,120.6,157.526,1.3,110508,94.8015,2.27,7932,25575,0
2004-12-01,325250.0,315.8,5651.3,-0.8822779364987767,10.9,97.1,14285,2.16,1091.579,7117,22004,3077,119.8,159.329,11.0,110625,95.5415,2.43,7934,25598,0
2005-01-01,343400.0,316.9,5645.5,-1.0221209604336223,17.8,95.5,14257,2.28,1172.277,7095,21959,3071,120.3,161.28799999999998,25.7,110822,95.8785,2.61,7784,25625,0
2005-02-01,311750.0,318.4,5658.6,-0.9441816626816072,12.9,94.1,14272,2.5,1172.277,7153,22035,3057,120.0,163.346,23.4,110998,96.5709,2.77,7980,25691,0
2005-03-01,332000.0,319.7,5669.2,-0.9671835678245292,18.1,92.6,14268,2.63,1172.277,7181,22065,3062,120.5,165.81400000000002,4.1,111087,96.4345,3.0,7737,25710,0
2005-04-01,323200.0,320.7,5681.1,-0.8310275229341078,16.3,87.7,14249,2.79,1196.293,7266,22135,3066,119.9,167.50400000000002,-13.6,111384,96.6347,3.05,7672,25786,0
2005-05-01,327000.0,321.8,5692.7,-0.6168150301333408,12.1,86.9,14255,3.0,1196.293,7294,22170,3062,119.9,169.354,20.9,111519,96.7251,3.08,7651,25824,0
2005-06-01,325750.0,322.8,5703.2,-0.4914086169509975,8.1,96.0,14227,3.04,1196.293,7333,22184,3057,119.4,171.19299999999998,-11.5,111763,97.1483,3.13,7524,25869,0
2005-07-01,324400.0,324.1,5712.6,-0.8601237216788126,16.2,96.5,14225,3.26,1225.48,7353,22204,3061,119.0,172.863,9.9,112096,96.8397,3.42,7406,25933,0
2005-08-01,315750.0,324.2,5722.6,-1.3807580809614657,7.4,89.1,14200,3.5,1225.48,7394,22224,3063,119.5,174.445,-4.6,112279,97.1584,3.66,7345,25965,0
2005-09-01,382750.0,325.3,5728.0,-1.6071383118138287,6.4,76.9,14173,3.62,1225.48,7415,22223,3070,119.1,176.44,-2.3,112331,95.2764,3.67,7553,25945,0
2005-10-01,352200.0,326.9,5736.0,-1.0974289615344304,16.3,74.2,14189,3.78,1255.774,7460,22290,3055,119.0,178.03,3.9,112353,96.4411,3.99,7453,25957,0
2005-11-01,317250.0,328.7,5748.6,-0.6942606102344746,9.5,81.6,14184,4.0,1255.774,7524,22355,3055,119.2,179.683,-18.4,112644,97.5016,4.15,7566,26013,0
2005-12-01,316400.0,329.2,5761.0,-0.4865314315639416,15.0,91.5,14189,4.16,1255.774,7533,22373,3052,118.6,180.912,9.1,112785,97.9723,4.18,7279,26033,0
2006-01-01,295750.0,329.6,5780.5,-0.4587700452069917,15.3,91.2,14208,4.29,1320.481,7601,22465,3054,118.9,182.321,7.1,112961,98.127,4.31,7064,26057,0
2006-02-01,290750.0,331.2,5796.5,-0.6603926182860362,10.5,86.7,14208,4.49,1320.481,7664,22533,3052,117.8,183.287,11.1,113198,98.1687,4.52,7184,26090,0
2006-03-01,301750.0,332.6,5811.9,-0.8629494552354967,11.3,88.9,14210,4.59,1320.481,7689,22567,3055,119.1,184.365,-3.7,113469,98.3913,4.62,7072,26129,0
2006-04-01,303600.0,333.8,5823.7,-1.146211386551927,18.0,87.4,14223,4.79,1351.258,7726,22627,3047,119.6,184.33,26.4,113581,98.6826,4.72,7120,26123,0
2006-05-01,332750.0,335.0,5835.8,-1.3614057750637796,19.8,79.1,14200,4.94,1351.258,7713,22594,3039,119.9,184.156,8.3,113655,98.7074,4.82,6980,26116,0
2006-06-01,305500.0,336.0,5839.9,-1.175757913671778,22.4,84.9,14210,4.99,1351.258,7699,22594,3036,120.1,183.507,-2.7,113741,99.0398,4.97,7001,26136,0
2006-07-01,318800.0,336.9,5848.1,-1.065735886638056,17.5,84.7,14185,5.24,1358.615,7712,22587,3031,119.0,183.067,4.1,113942,98.9751,5.06,7175,26161,0
2006-08-01,314250.0,338.1,5856.3,-0.6805752564783144,22.3,82.0,14154,5.25,1358.615,7720,22566,3035,119.8,182.594,6.1,114127,99.4047,4.97,7091,26172,0
2006-09-01,316200.0,339.1,5864.7,0.0399342369205124,-1.4,85.4,14120,5.25,1358.615,7718,22533,3028,120.2,182.797,-9.4,114296,99.2246,4.89,6847,26193,0
2006-10-01,315500.0,340.0,5863.1,0.3470920378334776,7.3,93.6,14068,5.25,1397.497,7682,22449,3024,119.8,183.198,-0.7,114397,99.1229,4.92,6727,26233,0
2006-11-01,326250.0,340.8,5875.0,0.2013455400787508,8.7,92.1,14034,5.25,1397.497,7666,22400,3024,119.4,183.608,2.5,114661,99.0963,4.95,6872,26293,0
2006-12-01,324000.0,341.2,5899.9,-0.0800037715536856,12.7,91.7,14009,5.24,1397.497,7685,22398,3034,119.8,184.138,8.4,114851,100.1125,4.88,6762,26340,0
2007-01-01,317250.0,343.579,5903.4,-0.3029401822352152,10.2,96.9,14004,5.25,1466.544,7725,22434,3030,119.86,184.517,4.6,115038,99.7546,4.95,7116,26381,0
2007-02-01,322750.0,345.35,5918.0,-0.6423217418584212,12.5,91.3,13993,5.26,1466.544,7626,22329,3034,120.237,184.598,4.5,115229,100.7166,4.96,6927,26426,0
2007-03-01,309400.0,345.899,5921.5,-0.964653788552772,10.6,88.4,13964,5.26,1466.544,7706,22384,3030,119.797,184.149,10.4,115398,100.8952,4.89,6731,26492,0
2007-04-01,320250.0,347.32,5937.2,-1.1128210629017234,10.2,87.1,13939,5.25,1495.933,7686,22345,3035,119.331,183.01,7.4,115500,101.5723,4.86,6850,26491,0
2007-05-01,304250.0,348.491,5945.0,-1.054001454968344,17.4,88.3,13922,5.25,1495.933,7673,22316,3040,119.166,181.601,-2.0,115677,101.6269,4.78,6766,26520,0
2007-06-01,315200.0,349.513,5956.1,-1.0482872301139428,15.7,85.3,13903,5.25,1495.933,7687,22315,3038,118.576,180.254,4.9,115754,101.6547,4.76,6979,26514,0
2007-07-01,313250.0,351.719,5962.2,-1.0617185549400987,10.3,90.4,13881,5.26,1498.852,7660,22269,3037,118.449,179.11,5.9,115775,101.4953,4.83,7149,26528,0
2007-08-01,320000.0,353.376,5961.4,-1.0337902172283853,24.3,83.4,13821,5.02,1498.852,7610,22159,3028,117.901,178.116,12.4,115854,101.6943,4.38,7067,26525,0
2007-09-01,313400.0,354.531,5962.7,-1.070352266547958,37.5,83.4,13784,4.94,1498.852,7577,22089,3031,118.023,177.558,10.3,116012,101.9428,4.05,7170,26557,0
2007-10-01,328250.0,356.343,5970.0,-1.0711299265969512,22.3,80.9,13756,4.76,1508.627,7565,22050,3028,118.435,176.62400000000002,5.4,116127,101.6446,4.01,7237,26553,0
2007-11-01,336000.0,357.75,5970.6,-0.9659492696976316,15.9,76.1,13751,4.49,1508.627,7523,22008,3025,118.737,175.148,3.3,116283,102.2167,3.46,7240,26614,0
2007-12-01,348200.0,358.908,5970.4,-0.6630902298593833,20.4,75.5,13739,4.24,1508.627,7490,21968,3026,119.35,174.34099999999998,-0.4,116427,102.2764,3.23,7645,26608,0
2008-01-01,338750.0,360.463,5966.3,-0.4210977283884025,20.4,78.4,13717,3.94,1535.137,7476,21939,3026,119.438,173.132,-17.3,116452,102.1493,2.75,7685,26586,1
2008-02-01,346750.0,360.75,5956.2,-0.1804809048938655,12.1,70.8,13690,2.98,1535.137,7453,21890,3019,118.904,171.54,-4.4,116437,101.7756,2.04,7497,26545,1
2008-03-01,363400.0,361.533,5946.2,0.02660352127707,17.7,69.5,13650,2.61,1535.137,7406,21810,3021,118.399,170.051,-2.5,116447,101.4508,1.48,7822,26525,1
2008-04-01,359500.0,362.072,5925.0,0.133293556389585,15.6,62.6,13589,2.28,1552.464,7327,21671,3013,118.729,168.333,1.4,116367,100.7554,1.55,7637,26425,1
2008-05-01,366800.0,362.658,5912.1,0.0917963816940622,1.0,59.8,13555,1.98,1552.464,7274,21593,3008,118.716,166.65400000000002,3.6,116258,100.1336,1.82,8395,26338,1
2008-06-01,383250.0,363.671,5899.7,0.1401708727531826,5.7,56.4,13494,2.0,1552.464,7213,21475,3001,118.501,165.014,5.9,116223,99.8728,2.13,8575,26290,1
2008-07-01,398000.0,364.156,5878.3,0.3317123176076154,10.9,61.2,13419,2.01,1497.496,7160,21349,2987,119.006,163.564,-8.7,116149,99.4194,1.93,8937,26226,1
2008-08-01,433000.0,364.977,5857.3,0.8969843274154679,4.3,63.0,13348,2.0,1497.496,7114,21242,2972,119.736,161.986,-12.3,115969,97.8491,1.92,9438,26126,1
2008-09-01,464000.0,365.841,5845.8,1.2959719493803583,15.5,70.3,13267,1.81,1497.496,7044,21095,2962,119.618,160.30700000000002,16.7,115667,93.5576,1.61,9494,26013,1
2008-10-01,475250.0,366.53,5808.3,2.05573539347633,41.9,57.6,13138,0.97,1444.906,6967,20886,2951,118.799,158.327,39.5,115407,94.4985,1.2,10074,25902,1
2008-11-01,519800.0,367.459,5770.7,2.594853066718876,-9.2,55.3,13026,0.39,1444.906,6813,20615,2931,118.867,156.142,-52.9,114928,93.2617,0.73,10538,25696,1
2008-12-01,564000.0,368.748,5730.1,2.4990929780491844,-17.4,60.1,12842,0.16,1444.906,6701,20313,2911,118.119,153.619,-31.9,114534,90.6266,0.26,11286,25523,1
2009-01-01,572000.0,369.824,5697.3,2.091422807386052,-10.7,61.2,12552,0.15,1202.365,6567,19879,2891,117.967,151.507,25.1,114199,88.3712,0.3,12058,25383,1
2009-02-01,644000.0,370.853,5650.1,1.8354106496547224,-9.2,56.3,12371,0.22,1202.365,6446,19565,2878,119.888,150.014,10.8,113752,87.843,0.45,12898,25229,1
2009-03-01,659250.0,371.705,5607.8,1.6185067484318798,-16.9,57.3,12196,0.18,1202.365,6291,19214,2864,120.368,148.66,11.1,113278,86.4689,0.42,13426,25066,1
2009-04-01,627750.0,373.077,5562.4,1.5296821821649706,-16.3,65.1,12017,0.15,1131.101,6154,18881,2832,120.182,147.94899999999998,-5.3,112940,85.7903,0.35,13853,24909,1
2009-05-01,612000.0,374.359,5536.4,1.0283731539590588,-18.3,68.7,11850,0.18,1131.101,6100,18644,2807,120.038,147.695,10.6,112824,84.9436,0.3,14499,24849,1
2009-06-01,598250.0,375.177,5512.6,0.3387935453600984,-26.5,70.8,11713,0.21,1131.101,6010,18409,2795,120.276,148.089,21.8,112598,84.6746,0.31,14707,24795,1
2009-07-01,566500.0,376.001,5488.0,0.1327152211277689,-34.1,66.0,11654,0.16,1135.303,5932,18264,2778,119.984,148.408,5.2,112398,85.6853,0.27,14601,24692,0
2009-08-01,559200.0,377.091,5470.9,-0.1514022881279533,-28.3,65.7,11612,0.16,1135.303,5855,18136,2767,120.236,148.276,12.3,112336,86.6393,0.26,14814,24656,0
2009-09-01,547500.0,378.359,5454.3,-0.4569182643935494,-23.8,73.5,11580,0.15,1135.303,5787,18034,2769,120.779,148.023,3.6,112213,87.3821,0.21,15009,24599,0
2009-10-01,525400.0,379.291,5434.6,-0.6786266555029092,-27.0,70.6,11527,0.12,1140.741,5716,17904,2764,120.5,147.849,6.0,112158,87.5809,0.16,15352,24516,0
2009-11-01,494000.0,380.45,5424.0,-0.8849129275016872,-17.8,67.4,11498,0.12,1140.741,5696,17858,2752,120.007,148.135,3.6,112200,87.9388,0.15,15219,24480,0
2009-12-01,485500.0,381.111,5410.2,-0.9599050048273,-22.8,72.5,11465,0.12,1140.741,5654,17782,2745,120.441,147.931,12.0,112026,88.2404,0.17,15098,24384,0
2010-01-01,479800.0,382.742,5389.2,-0.7866788252984535,-24.8,74.4,11447,0.11,1191.795,5580,17693,2739,119.91,147.39600000000002,-1.7,112109,89.1897,0.15,15046,24433,0
2010-02-01,485750.0,384.308,5379.1,-0.6596924909621295,-14.5,73.6,11439,0.13,1191.795,5500,17613,2737,120.184,145.632,0.9,112092,89.5046,0.18,15113,24421,0
2010-03-01,470250.0,385.712,5379.1,-0.5743246287748499,-17.8,73.6,11439,0.16,1191.795,5537,17657,2719,120.225,145.858,-2.7,112208,90.1356,0.22,15202,24467,0
2010-04-01,469000.0,386.589,5379.6,-0.6136710053348788,-18.8,72.2,11475,0.2,1213.243,5553,17715,2714,119.646,146.398,7.9,112405,90.4607,0.24,15325,24469,0
2010-05-01,459400.0,387.094,5374.5,-0.7978520100815066,-8.9,73.6,11511,0.2,1213.243,5520,17727,2708,119.648,146.386,-7.1,112916,91.7014,0.22,14849,24483,0
2010-06-01,460500.0,388.188,5377.8,-0.9719144983547068,-6.3,76.0,11529,0.18,1213.243,5516,17747,2701,119.623,145.713,-5.2,112762,91.9033,0.19,14474,24505,0
2010-07-01,459200.0,388.123,5380.4,-0.953095855737942,-1.1,67.8,11546,0.18,1256.304,5508,17763,2703,119.322,144.983,29.2,112652,92.2549,0.2,14512,24526,0
2010-08-01,475000.0,389.059,5382.5,-0.7970622872039494,-1.3,68.9,11538,0.19,1256.304,5524,17778,2701,118.96,143.909,17.2,112638,92.5936,0.19,14648,24537,0
2010-09-01,453500.0,391.288,5388.0,-0.9513968851567164,-1.8,68.2,11549,0.19,1256.304,5501,17772,2697,119.21,143.013,12.6,112570,92.8533,0.19,14579,24564,0
2010-10-01,446800.0,391.926,5396.4,-1.2126501352342545,-1.8,67.7,11548,0.19,1289.139,5508,17788,2695,118.917,142.52200000000002,13.9,112833,92.6033,0.18,14516,24626,0
2010-11-01,426250.0,392.535,5402.0,-1.5495572769635333,2.0,71.6,11571,0.19,1289.139,5506,17813,2689,119.027,142.16299999999998,6.1,112936,92.6686,0.18,15081,24625,0
2010-12-01,420250.0,393.514,5409.5,-1.8259910644312607,5.3,74.5,11579,0.18,1289.139,5467,17780,2682,119.223,142.049,-15.7,113050,93.5916,0.19,14348,24657,0
2011-01-01,426800.0,394.072,5415.1,-2.085107299027303,3.6,74.2,11606,0.17,1426.57,5427,17770,2678,119.82,141.511,0.1,113067,93.3889,0.18,14013,24675,0
2011-02-01,401500.0,395.518,5426.8,-2.129192630753814,3.7,77.5,11637,0.16,1426.57,5451,17826,2672,119.904,140.33700000000002,-3.5,113230,93.0045,0.17,13820,24746,0
2011-03-01,406000.0,396.29,5444.6,-1.8438928834229065,6.7,67.5,11659,0.14,1426.57,5477,17890,2672,119.739,139.971,5.4,113392,93.9684,0.16,13737,24794,0
2011-04-01,420600.0,397.701,5457.6,-1.56615944294937,7.2,69.8,11689,0.1,1445.862,5485,17941,2674,120.037,140.003,4.9,113656,93.6571,0.12,13957,24891,0
2011-05-01,422500.0,398.721,5462.7,-1.298260069965162,13.4,74.3,11697,0.09,1445.862,5516,17990,2679,121.146,139.901,-3.8,113714,93.7723,0.09,13855,24906,0
2011-06-01,418250.0,399.416,5470.1,-1.097251931853775,4.8,71.5,11710,0.09,1445.862,5528,18026,2685,121.71,139.858,-3.0,113905,94.0493,0.1,13962,24962,0
2011-07-01,412600.0,400.539,5478.3,-0.9276100285735184,10.1,63.7,11729,0.07,1471.428,5547,18075,2675,122.547,139.72799999999998,2.0,113918,94.4958,0.08,13763,25010,0
2011-08-01,409500.0,401.387,5488.4,-0.8261972916301459,17.9,55.8,11748,0.1,1471.428,5552,18105,2632,123.551,139.305,10.6,114020,95.0974,0.06,13818,25029,0
2011-09-01,417750.0,402.202,5491.4,-0.6020644349679211,6.2,59.5,11752,0.08,1471.428,5584,18148,2676,123.244,138.661,6.3,114196,95.0244,0.04,13948,25046,0
2011-10-01,402400.0,404.068,5508.4,-0.2996050942400674,9.4,60.8,11762,0.07,1470.904,5588,18170,2677,123.775,137.942,2.3,114383,95.6891,0.05,13594,25083,0
2011-11-01,389250.0,405.751,5515.4,-0.1967944789643678,11.8,63.7,11753,0.08,1470.904,5593,18171,2676,124.762,137.14,6.3,114519,95.6778,0.05,13302,25111,0
2011-12-01,377000.0,407.23,5536.4,-0.0962817936105282,10.2,69.9,11783,0.07,1470.904,5611,18225,2679,124.865,136.662,3.1,114663,96.1809,0.05,13093,25124,0
2012-01-01,377750.0,408.394,5550.5,-0.0564974668620287,13.5,75.0,11820,0.08,1468.324,5626,18287,2665,125.399,136.597,14.2,114958,96.7595,0.07,12797,25217,0
2012-02-01,363250.0,408.89,5560.9,-0.0725690528873516,9.1,75.3,11841,0.1,1468.324,5629,18316,2676,125.075,136.52200000000002,14.1,115192,97.0662,0.12,12813,25246,0
2012-03-01,366600.0,410.257,5568.5,-0.1882507726093493,4.8,76.2,11880,0.13,1468.324,5625,18354,2678,125.85,137.894,3.6,115394,96.5609,0.14,12713,25276,0
2012-04-01,381750.0,411.475,5582.5,-0.2000106303653889,15.8,76.4,11897,0.14,1487.683,5618,18365,2680,126.432,139.145,6.6,115460,97.251,0.14,12646,25285,0
2012-05-01,373500.0,412.864,5594.1,-0.0639986013280879,9.1,79.3,11908,0.16,1487.683,5604,18367,2685,126.663,140.14600000000002,3.9,115566,97.4595,0.15,12660,25337,0
2012-06-01,379200.0,415.289,5599.0,-0.0516174788989815,16.6,73.2,11918,0.16,1487.683,5621,18391,2674,126.248,141.02200000000002,3.2,115621,97.4768,0.15,12692,25323,0
2012-07-01,372500.0,417.004,5609.3,0.0250358570565618,13.7,72.3,11944,0.16,1510.004,5632,18427,2679,125.935,141.662,17.4,115730,97.6714,0.15,12656,25329,0
2012-08-01,373250.0,417.555,5610.1,-0.1461234094258536,10.2,74.3,11940,0.13,1510.004,5648,18440,2675,125.333,142.27200000000002,5.9,115898,97.2734,0.14,12471,25361,0
2012-09-01,381800.0,418.453,5605.2,-0.0301420013086028,7.3,78.3,11934,0.14,1510.004,5661,18442,2670,126.386,142.899,8.7,116075,97.2217,0.14,12115,25387,0
2012-10-01,368500.0,419.07,5619.0,-0.0599888585890593,12.6,82.6,11941,0.16,1572.046,5674,18452,2666,127.291,143.591,3.2,116216,97.5311,0.15,12124,25427,0
2012-11-01,401250.0,419.509,5621.6,-0.0338937886033834,6.4,82.7,11930,0.16,1572.046,5684,18458,2674,127.191,144.575,1.0,116367,97.9084,0.14,12005,25495,0
2012-12-01,359000.0,420.321,5628.3,-0.0868911987755243,14.4,72.9,11939,0.16,1572.046,5724,18512,2677,127.289,145.49200000000002,15.1,116562,98.1884,0.12,12298,25508,0
2013-01-01,353000.0,421.114,5640.0,-0.2209260270949174,8.8,73.8,11962,0.14,1650.843,5746,18561,2662,128.076,146.817,-2.8,116696,98.1736,0.11,12471,25545,0
2013-02-01,353000.0,421.601,5640.8,-0.1025135777673397,5.1,77.6,11974,0.15,1650.843,5784,18616,2698,128.134,147.773,-2.8,116929,98.6434,0.12,11950,25569,0
2013-03-01,351800.0,423.089,5644.4,0.010364330999326,6.4,78.6,11977,0.14,1650.843,5802,18639,2700,126.97,149.954,-3.0,117050,99.047,0.11,11689,25564,0
2013-04-01,347250.0,423.025,5644.4,0.1675460837687726,6.4,76.4,11978,0.15,1683.862,5796,18631,2696,126.905,151.51,1.0,117242,98.9445,0.09,11760,25590,0
2013-05-01,347750.0,422.316,5651.1,0.2079656705341758,2.2,84.5,11978,0.11,1683.862,5829,18668,2710,126.916,152.842,-4.1,117427,99.0383,0.08,11654,25625,0
2013-06-01,344600.0,424.286,5654.7,0.130479810522675,9.2,84.1,11982,0.09,1683.862,5855,18701,2705,126.995,154.192,-6.8,117578,99.2221,0.09,11751,25682,0
2013-07-01,346000.0,425.008,5662.6,-0.0674329811892138,8.0,85.1,11962,0.09,1676.332,5859,18684,2720,127.645,155.597,-10.5,117707,98.8987,0.07,11335,25725,0
2013-08-01,333400.0,427.168,5670.2,-0.1520184415958558,1.1,82.1,11992,0.08,1676.332,5878,18737,2691,127.412,156.952,-4.8,117909,99.4897,0.07,11279,25793,0
2013-09-01,314000.0,428.29,5680.7,-0.2384018801397564,5.3,77.5,12010,0.08,1676.332,5910,18788,2708,127.281,158.215,-4.6,118033,100.021,0.04,11270,25858,0
2013-10-01,358500.0,428.586,5672.2,-0.4399406200983287,7.3,73.2,12033,0.09,1699.103,5931,18832,2718,126.988,159.235,2.6,118209,99.9037,0.08,11136,25882,0
2013-11-01,328200.0,428.485,5682.4,-0.462200539366453,6.8,75.1,12054,0.08,1699.103,5963,18885,2722,127.333,160.071,5.1,118431,100.1582,0.1,10787,25939,0
2013-12-01,346000.0,428.622,5689.8,-0.5869766478798739,12.2,82.5,12060,0.09,1699.103,5932,18858,2727,128.577,160.991,5.5,118515,100.374,0.1,10404,26012,0
2014-01-01,326750.0,429.989,5703.1,-0.7015745123684588,9.5,81.2,12058,0.07,1745.793,5985,18914,2724,127.882,161.921,3.2,118647,99.9899,0.07,10202,26029,0
2014-02-01,335250.0,431.137,5708.1,-0.5609556125110546,24.8,81.6,12084,0.07,1745.793,6007,18966,2718,127.279,162.518,7.1,118746,100.7471,0.08,10349,26004,0
2014-03-01,321000.0,432.211,5713.6,-0.2577205161242961,8.1,80.0,12096,0.08,1745.793,6038,19013,2725,127.439,163.075,9.6,118972,101.7435,0.08,10380,26055,0
2014-04-01,322750.0,433.26,5729.3,-0.0982621238430023,13.1,84.1,12109,0.09,1759.499,6084,19079,2721,127.475,163.378,3.2,119218,101.8273,0.05,9702,26122,0
2014-05-01,313800.0,434.262,5735.0,0.0532853330392817,8.9,81.9,12120,0.09,1759.499,6109,19117,2717,127.773,163.642,7.6,119395,102.2392,0.05,9859,26165,0
2014-06-01,313500.0,435.187,5747.5,0.2591408726540131,9.6,82.5,12146,0.1,1759.499,6133,19172,2722,127.982,164.051,8.1,119677,102.5774,0.06,9460,26238,0
2014-07-01,301750.0,435.864,5749.8,0.3991982058503217,12.6,81.8,12165,0.09,1799.758,6178,19240,2725,127.942,164.576,11.9,119833,102.7954,0.06,9608,26292,0
2014-08-01,302000.0,436.041,5748.5,0.5460114863408894,11.8,82.5,12182,0.09,1799.758,6210,19291,2733,127.357,165.2,0.4,119978,102.6322,0.05,9599,26316,0
2014-09-01,295000.0,437.091,5753.4,0.5907092537607127,9.8,84.6,12201,0.09,1799.758,6242,19347,2734,127.813,165.891,9.9,120216,102.9417,0.04,9262,26363,0
2014-10-01,288750.0,437.758,5756.6,0.7232950148043575,3.5,86.9,12233,0.09,1837.669,6259,19391,2727,127.761,166.628,2.9,120406,102.9611,0.05,8990,26424,0
2014-11-01,291600.0,439.408,5760.2,0.7932320286839262,14.3,88.8,12260,0.09,1837.669,6272,19431,2735,127.254,167.322,4.1,120659,103.5978,0.07,9090,26475,0
2014-12-01,284500.0,441.464,5768.3,0.7978360106357615,15.0,93.6,12266,0.12,1837.669,6293,19454,2737,126.637,168.03599999999997,18.5,120910,103.6151,0.11,8717,26527,0
2015-01-01,287600.0,441.351,5770.9,0.7681527523331885,12.3,98.1,12265,0.11,1905.569,6320,19473,2740,126.129,168.612,10.4,121095,102.7923,0.08,8885,26557,0
2015-02-01,301250.0,441.101,5780.2,0.574225189029872,9.6,95.4,12275,0.11,1905.569,6361,19511,2741,125.96,169.109,11.9,121316,102.1366,0.07,8599,26599,0
2015-03-01,284000.0,442.943,5783.0,0.4843381984771389,14.3,93.0,12286,0.11,1905.569,6334,19480,2737,126.626,169.78099999999998,4.0,121443,101.7869,0.11,8515,26646,0
2015-04-01,286000.0,445.822,5778.7,0.5034258857790189,9.4,95.9,12291,0.12,1943.891,6392,19527,2742,126.39,170.283,7.1,121669,101.2255,0.09,8550,26662,0
2015-05-01,274000.0,446.743,5784.9,0.5007878835781145,9.9,90.7,12306,0.12,1943.891,6427,19556,2747,125.831,170.865,12.5,121982,100.7675,0.08,8834,26727,0
2015-06-01,273750.0,446.33,5785.7,0.5276195973131926,10.9,96.1,12307,0.13,1943.891,6441,19565,2748,125.51,171.46099999999998,1.8,122144,100.4588,0.09,8247,26764,0
2015-07-01,277750.0,446.953,5784.1,0.5480107390931708,6.0,93.1,12323,0.13,1948.277,6472,19602,2752,125.689,172.137,-5.1,122389,101.0893,0.12,8167,26802,0
2015-08-01,275200.0,446.612,5785.2,0.6352284103349126,8.9,91.9,12318,0.14,1948.277,6490,19602,2751,126.166,172.91400000000002,5.7,122523,100.9165,0.22,7992,26822,0
2015-09-01,269500.0,447.648,5775.2,0.6442200135403566,7.5,87.2,12326,0.14,1948.277,6508,19614,2764,126.011,173.80599999999998,-3.8,122661,100.633,0.18,7907,26810,0
2015-10-01,267000.0,450.681,5776.3,0.7449574293736265,9.1,90.0,12334,0.12,1965.813,6547,19651,2766,125.323,174.77,3.3,122928,100.1563,0.11,7922,26851,0
2015-11-01,268500.0,452.225,5778.6,0.6992710172209389,9.9,91.3,12329,0.12,1965.813,6598,19682,2751,125.724,175.715,7.6,123126,99.4366,0.32,8000,26875,0
2015-12-01,271000.0,452.732,5775.9,0.8532402343463884,4.2,92.6,12333,0.24,1965.813,6630,19709,2761,126.042,176.519,10.8,123368,98.9471,0.49,7907,26909,0
2016-01-01,279600.0,454.194,5779.7,0.7895040372097094,6.8,92.0,12354,0.34,1925.301,6631,19717,2762,124.999,177.245,7.2,123493,99.4391,0.43,7627,26915,0
2016-02-01,266750.0,456.922,5775.4,0.6230315207668986,11.4,91.7,12337,0.38,1925.301,6640,19687,2775,125.898,177.63,3.8,123720,98.9232,0.44,7702,26978,0
2016-03-01,263250.0,457.723,5779.9,0.4898126427224955,4.8,91.0,12313,0.36,1925.301,6678,19682,2785,125.843,178.14700000000002,4.6,123980,98.1635,0.46,7961,27054,0
2016-04-01,266000.0,459.245,5784.3,0.5275206295498686,9.3,89.0,12325,0.37,1943.994,6702,19705,2789,125.782,178.747,8.9,124150,98.4775,0.37,8067,27072,0
2016-05-01,274500.0,460.487,5781.9,0.4899775972896198,8.5,94.7,12303,0.37,1943.994,6689,19659,2751,126.707,179.405,9.4,124241,98.2549,0.41,7652,27089,0
2016-06-01,265250.0,462.09,5777.1,0.5521130188326219,1.7,93.5,12321,0.38,1943.994,6701,19679,2801,126.276,180.07,7.7,124467,98.7315,0.4,7744,27107,0
2016-07-01,259400.0,464.439,5781.5,0.5176076650256173,4.2,90.0,12342,0.39,1972.517,6735,19729,2799,125.881,180.841,13.3,124791,98.8452,0.39,7641,27153,0
2016-08-01,263500.0,469.02,5784.1,0.352374055437317,-3.7,89.8,12319,0.4,1972.517,6736,19702,2803,126.148,181.826,7.6,124960,98.7427,0.44,7784,27199,0
2016-09-01,251500.0,469.816,5794.5,0.2124335143707362,11.0,91.2,12317,0.4,1972.517,6768,19730,2817,125.914,182.8,12.7,125237,98.6552,0.46,7953,27211,0
2016-10-01,255800.0,469.749,5799.7,0.0491682257858529,9.2,87.2,12316,0.4,1993.195,6799,19759,2814,126.521,183.726,9.2,125307,98.7237,0.47,7811,27235,0
2016-11-01,245750.0,469.914,5801.1,-0.0756204831638615,1.8,93.8,12311,0.41,1993.195,6823,19781,2812,126.605,184.734,-2.5,125402,98.3443,0.57,7553,27209,0
2016-12-01,252200.0,470.539,5797.1,-0.0569302119774962,-3.1,98.2,12324,0.54,1993.195,6818,19789,2817,126.185,185.698,-3.5,125619,99.0406,0.63,7521,27270,0
2017-01-01,244000.0,471.484,5802.5,-0.3615455983590611,-0.7,98.5,12334,0.65,2004.238,6840,19821,2821,126.044,186.776,3.3,125807,98.8158,0.61,7468,27314,0
2017-02-01,230250.0,473.139,5804.9,-0.3465946970581298,0.1,96.3,12350,0.66,2004.238,6881,19887,2815,126.058,187.298,8.4,125961,98.4356,0.64,7379,27311,0
2017-03-01,233750.0,473.685,5807.6,-0.191003364359167,-10.2,96.9,12361,0.79,2004.238,6902,19923,2813,126.397,187.977,5.0,126046,99.0492,0.87,7073,27298,0
2017-04-01,227800.0,473.007,5809.9,-0.3508498058636094,1.6,97.0,12367,0.9,2012.301,6916,19952,2804,126.301,188.707,-0.2,126222,100.0416,0.93,7089,27301,0
2017-05-01,239000.0,472.981,5805.6,-0.4246338399755039,2.4,97.1,12377,0.91,2012.301,6931,19982,2801,125.651,189.593,4.6,126398,100.128,1.02,7000,27307,0
2017-06-01,248000.0,474.492,5810.5,-0.4726418291309767,0.9,95.0,12390,1.04,2012.301,6962,20029,2811,125.508,190.477,-3.0,126554,100.337,1.09,6873,27321,0
2017-07-01,250800.0,476.279,5815.0,-0.6731108270408064,2.1,93.4,12390,1.15,2055.065,6968,20038,2809,125.368,191.435,0.9,126734,100.0865,1.11,6892,27325,0
2017-08-01,247750.0,477.199,5816.2,-0.890342062405936,4.5,96.8,12435,1.16,2055.065,7002,20120,2813,125.39,192.625,0.8,126799,99.6323,1.11,7082,27333,0
2017-09-01,272400.0,477.19,5814.2,-0.9311829747371536,10.7,95.1,12443,1.15,2055.065,7013,20141,2816,125.759,193.72,0.7,126866,99.7482,1.15,6854,27355,0
2017-10-01,242250.0,477.671,5823.0,-0.9362557660257556,5.5,100.7,12457,1.15,2123.711,7031,20174,2811,125.961,194.769,0.6,126976,100.9893,1.23,6700,27374,0
2017-11-01,247750.0,477.791,5822.0,-1.0335952363048837,-3.8,98.5,12472,1.16,2123.711,7068,20231,2815,125.024,195.922,1.6,127142,101.2493,1.36,6774,27416,0
2017-12-01,242600.0,478.891,5825.8,-1.2169901279203323,-0.3,95.9,12501,1.3,2123.711,7091,20286,2818,124.234,197.145,5.7,127237,101.4871,1.47,6632,27404,0
2018-01-01,235250.0,480.797,5820.8,-1.4694132372450488,2.6,95.7,12527,1.41,2071.599,7093,20318,2817,124.855,198.287,-3.5,127342,101.4852,1.59,6489,27370,0
2018-02-01,221000.0,481.6,5823.3,-1.377152324510812,1.0,99.7,12551,1.42,2071.599,7184,20442,2819,125.839,199.22,-7.0,127612,101.7319,1.75,6581,27447,0
2018-03-01,225800.0,483.078,5838.6,-1.3609351577406508,4.9,101.4,12576,1.51,2071.599,7194,20484,2826,126.489,199.956,-5.6,127796,102.1943,1.87,6472,27519,0
2018-04-01,221500.0,483.577,5816.3,-1.3443709209913464,12.2,98.8,12595,1.69,2058.107,7212,20529,2838,127.326,200.643,-9.4,127893,103.3551,1.93,6459,27517,0
2018-05-01,221250.0,484.543,5819.2,-1.2885393061160837,3.4,98.0,12623,1.7,2058.107,7274,20623,2841,127.464,201.401,5.1,128117,102.381,2.02,6196,27565,0
2018-06-01,222600.0,486.209,5822.8,-1.2157383236223027,9.8,98.2,12656,1.82,2058.107,7292,20678,2838,126.384,202.178,10.9,128281,103.2256,2.06,6447,27542,0
2018-07-01,209500.0,485.246,5837.4,-1.1447403927363122,7.3,97.9,12676,1.91,2085.264,7318,20724,2841,125.676,202.868,3.7,128296,103.3561,2.11,6195,27545,0
2018-08-01,208500.0,484.273,5857.6,-0.9687383640384288,2.8,96.2,12688,1.91,2085.264,7347,20772,2840,123.451,203.641,-0.2,128507,104.0585,2.19,6156,27602,0
2018-09-01,205200.0,485.039,5852.8,-0.800626120478454,8.9,100.1,12710,1.95,2085.264,7375,20823,2838,125.143,204.3,-0.1,128535,104.1038,2.29,6073,27577,0
2018-10-01,213000.0,485.652,5858.7,-0.5411078486065996,13.4,98.6,12731,2.19,2081.643,7389,20861,2850,126.021,205.067,-0.1,128665,103.9297,2.4,6211,27569,0
2018-11-01,225250.0,487.615,5864.4,-0.2350090247101636,12.8,97.5,12741,2.2,2081.643,7386,20861,2850,125.099,205.643,4.8,128756,104.0126,2.46,6115,27638,0
2018-12-01,224600.0,488.82,5871.4,0.0680237403004284,15.1,98.3,12761,2.27,2081.643,7396,20900,2851,124.356,206.136,19.1,128909,104.0451,2.48,6389,27580,0
2019-01-01,222750.0,489.968,5877.0,0.6074735019054041,9.0,91.2,12790,2.4,2155.386,7425,20960,2842,124.466,206.525,10.2,129099,103.3598,2.45,6475,27633,0
2019-02-01,222500.0,490.16,5882.6,0.8999565206062297,2.7,93.8,12782,2.4,2155.386,7395,20920,2843,124.526,206.851,4.1,129145,102.8251,2.44,6136,27591,0
2019-03-01,211800.0,491.412,5882.3,1.1641480967206927,2.9,98.4,12788,2.41,2155.386,7425,20955,2849,123.666,207.067,6.4,129340,102.8361,2.44,6202,27592,0
2019-04-01,209750.0,492.97,5889.2,1.212317421511032,-4.0,97.2,12785,2.42,2217.737,7468,20992,2846,123.901,207.518,12.6,129601,102.2748,2.39,5961,27626,0
2019-05-01,218500.0,494.859,5889.6,1.286983539009846,2.0,100.0,12778,2.39,2217.737,7478,20994,2858,123.764,208.121,7.9,129627,102.4176,2.35,5930,27632,0
2019-06-01,225200.0,495.745,5885.8,1.266860864948642,2.8,98.2,12787,2.38,2217.737,7502,21023,2875,124.75,208.55900000000003,9.6,129816,102.5425,2.11,5935,27645,0
2019-07-01,208500.0,497.714,5889.5,1.2253905474037494,3.6,98.4,12790,2.4,2195.306,7526,21044,2866,124.731,209.164,8.6,129892,102.0057,2.03,6061,27661,0
2019-08-01,211000.0,500.662,5889.7,1.176148244194687,9.3,89.8,12789,2.13,2195.306,7530,21038,2865,124.532,210.013,13.2,130133,102.7814,1.88,5945,27652,0
2019-09-01,209500.0,501.71,5890.8,0.7479749819097988,3.4,93.2,12787,2.04,2195.306,7547,21051,2871,124.795,210.817,24.2,130314,102.4601,1.84,5753,27676,0
2019-10-01,212250.0,506.433,5896.0,0.2470123446190352,-0.2,95.5,12733,1.83,2226.222,7553,21003,2874,123.489,211.719,1.7,130457,101.5878,1.62,5871,27688,0
2019-11-01,224400.0,508.315,5893.0,-0.5090360380292683,-0.8,96.8,12777,1.55,2226.222,7541,21023,2885,123.55,212.768,8.0,130645,102.1494,1.55,5868,27687,0
2019-12-01,236000.0,510.875,5898.4,-1.5309924481830424,-6.5,99.3,12760,1.55,2226.222,7527,20980,2891,122.859,213.945,-0.3,130815,101.9421,1.54,5853,27758,0
2020-01-01,215500.0,511.854,5896.2,-2.569032984642542,-1.8,99.8,12745,1.55,2247.715,7575,20999,2901,122.477,215.039,-1.1,131032,101.3372,1.52,5869,27775,0
2020-02-01,210200.0,512.967,5893.4,-3.6053024012555728,-2.8,101.0,12743,1.58,2247.715,7610,21037,2910,122.952,215.897,12.7,131255,101.6718,1.47,5753,27738,0
2020-03-01,2335250.0,514.743,5876.1,-5.278417586824373,109.7,89.1,12684,0.65,2247.715,7541,20903,2902,121.558,216.44,37.3,129992,97.606,0.29,7206,27659,1
2020-04-01,4663250.0,516.77,5485.6,-6.023712223410996,165.2,71.8,11382,0.05,2107.358,6522,18523,2643,117.065,216.83,-1.2,111901,84.6812,0.17,23084,24564,1
2020-05-01,2173400.0,519.152,5500.2,-0.7141363153509668,45.5,72.3,11610,0.05,2107.358,7004,19209,2609,114.244,216.937,10.7,113831,86.0108,0.15,20929,24975,0
2020-06-01,1490250.0,520.867,5541.2,1.6573782887091035,-43.4,78.1,11950,0.08,2107.358,7159,19688,2622,115.665,217.46,43.2,117983,91.6745,0.18,17652,25963,0
2020-07-01,1383500.0,522.675,5522.2,2.3398802042229665,-28.5,72.5,11973,0.09,2248.232,7196,19738,2622,116.576,219.152,39.7,119517,95.0037,0.14,16352,26231,0
2020-08-01,922400.0,522.922,5539.3,2.561979089452296,-17.5,74.1,11999,0.1,2248.232,7226,19786,2640,116.907,222.25,20.1,121033,95.9294,0.12,13461,26613,0
2020-09-01,851750.0,522.947,5565.6,2.200944988531885,-23.6,80.4,12057,0.09,2248.232,7253,19871,2695,117.157,225.696,22.6,121899,95.8914,0.12,12554,26746,0
2020-10-01,795400.0,520.943,5577.2,1.5733319544826945,-27.4,81.8,12086,0.09,2377.804,7301,19943,2684,117.158,229.647,18.4,122518,96.5256,0.11,11072,26947,0
2020-11-01,751250.0,520.567,5590.3,0.8126946921984458,-26.7,76.9,12118,0.09,2377.804,7321,19993,2696,117.411,233.234,27.5,122738,96.9529,0.1,10694,27112,0
2020-12-01,836750.0,519.866,5599.1,0.3712494068641836,-21.5,80.7,12153,0.09,2377.804,7357,20067,2712,117.967,236.591,15.2,122481,98.2039,0.09,10770,27158,0
2021-01-01,827800.0,521.774,5611.1,0.0700381003427496,-12.7,79.0,12145,0.09,2547.735,7358,20046,2750,119.233,239.729,17.0,122867,98.8135,0.09,10236,27220,0
2021-02-01,755000.0,523.455,5623.1,-0.3252301818651793,10.0,76.8,12179,0.08,2547.735,7293,20011,2767,118.398,242.456,21.7,123411,95.5072,0.06,9995,27301,0
2021-03-01,669250.0,523.943,5636.3,0.1492533157072998,0.6,84.9,12232,0.07,2547.735,7399,20185,2774,118.481,245.526,28.9,124061,98.1929,0.05,9756,27436,0
2021-04-01,589000.0,524.39,5652.7,-0.4342176566610024,-14.0,88.3,12191,0.07,2675.644,7401,20147,2796,119.495,249.058,25.8,124464,98.3317,0.04,9762,27396,0
2021-05-01,469200.0,523.935,5669.8,-0.7666820211708238,-5.8,82.9,12219,0.06,2675.644,7389,20164,2818,120.612,253.248,27.0,124868,99.1867,0.04,9266,27444,0
2021-06-01,409750.0,523.117,5697.2,-0.8550000444701392,-30.5,85.5,12249,0.08,2675.644,7392,20201,2837,121.171,258.022,15.0,125627,99.6483,0.05,9462,27592,0
2021-07-01,370000.0,524.376,5721.4,-0.924560690755995,-13.5,81.2,12303,0.1,2749.991,7417,20282,2872,121.318,262.36400000000003,10.4,126477,100.0668,0.05,8731,27643,0
2021-08-01,360000.0,524.785,5740.4,-1.049536542236516,-10.6,70.3,12349,0.09,2749.991,7431,20345,2900,121.569,266.561,11.8,126901,100.0412,0.06,8276,27698,0
2021-09-01,355500.0,525.098,5755.1,-1.108081725401067,-5.4,72.8,12391,0.08,2749.991,7478,20434,2916,121.124,270.136,18.9,127278,98.9955,0.05,7652,27825,0
2021-10-01,284800.0,527.688,5773.9,-1.2331755707076106,2.1,71.7,12454,0.08,2847.021,7520,20543,2933,122.522,273.598,27.1,128026,100.3542,0.06,7279,27967,0
2021-11-01,236500.0,529.529,5800.7,-1.4618643527036947,7.1,67.4,12498,0.08,2847.021,7565,20635,2949,123.62,277.357,15.7,128571,101.2684,0.07,6751,28117,0
2021-12-01,216250.0,531.041,5829.6,-1.8140140093643573,18.4,70.6,12532,0.08,2847.021,7601,20709,2961,124.887,281.661,12.8,129072,101.1948,0.15,6398,28220,0
2022-01-01,237600.0,534.649,5852.7,-2.2161467925980647,6.8,67.2,12560,0.08,3254.063,7586,20723,2984,125.561,286.315,8.1,129283,101.2146,0.33,6512,28310,0
2022-02-01,219500.0,536.283,5880.2,-2.181382695380518,4.3,62.8,12608,0.08,3254.063,7667,20856,2994,126.129,291.301,8.7,130019,101.8458,0.64,6301,28556,0
2022-03-01,215000.0,538.973,5916.7,-2.1077690707532715,19.7,59.4,12676,0.2,3254.063,7695,20961,3024,126.456,296.463,4.5,130385,102.6732,0.83,6014,28615,0
2022-04-01,213200.0,541.35,5947.0,-1.852411515478693,13.5,65.2,12725,0.33,3297.371,7699,21022,3036,125.96,300.399,-2.4,130629,102.9024,1.23,6002,28607,0
2022-05-01,210000.0,543.521,5969.8,-1.8391277705195008,19.8,58.4,12739,0.77,3297.371,7737,21076,3059,126.53,303.262,-3.9,130816,102.9659,1.45,5983,28586,0
2022-06-01,213500.0,546.84,5983.5,-1.4982368831196335,28.3,50.0,12768,1.21,3297.371,7760,21137,3081,127.274,304.03,-6.2,131216,102.8224,2.11,5951,28669,0
2022-07-01,218200.0,549.967,5999.1,-0.7919524154503461,13.9,51.5,12800,1.68,3224.945,7789,21203,3095,127.344,303.075,-0.3,131846,103.0505,2.76,5768,28706,0
2022-08-01,216500.0,553.036,6021.2,-0.287849558484865,11.1,58.2,12826,2.33,3224.945,7799,21237,3092,127.493,300.96,-6.2,132049,103.1703,3.05,5919,28738,0
2022-09-01,197750.0,556.558,6027.5,-0.006337327348093,10.7,58.6,12848,2.56,3224.945,7827,21289,3094,127.712,298.993,-14.7,132224,103.5326,3.63,5792,28700,0
2022-10-01,202400.0,554.071,6043.0,0.2606210048815902,10.1,59.9,12883,3.08,3203.25,7846,21346,3095,127.76,298.762,-19.9,132567,103.4442,4.18,5964,28731,0
2022-11-01,210750.0,551.402,6049.3,0.6323936350001985,8.0,56.7,12896,3.78,3203.25,7864,21384,3105,128.386,298.565,-10.5,132826,103.1058,4.48,5943,28727,0
2022-12-01,208000.0,551.943,6062.1,1.146693342108445,1.4,59.8,12889,4.1,3203.25,7892,21407,3087,128.69,297.98400000000004,-4.5,132929,101.8266,4.55,5766,28747,0
2023-01-01,203500.0,550.887,6074.8,1.5175085068086267,5.8,64.9,12897,4.33,2834.243,7922,21453,3062,129.414,297.716,-6.1,133327,102.7476,4.67,5747,28811,0
2023-02-01,215000.0,548.946,6090.9,1.689977336863734,-3.7,66.9,12900,4.57,2834.243,7947,21481,3052,130.244,297.986,-3.4,133605,102.8003,4.81,5962,28851,0
2023-03-01,228750.0,547.054,6097.7,1.7398576548669575,2.9,62.0,12890,4.65,2834.243,7931,21456,3056,130.443,298.942,-21.6,133715,102.8143,4.77,5839,28831,0
2023-04-01,216600.0,547.039,6091.6,1.7652840800918754,-4.4,63.7,12889,4.83,2828.417,7955,21482,3050,130.436,300.228,-8.6,133905,103.2241,4.79,5751,28809,0
2023-05-01,226250.0,547.452,6098.6,1.7632523236186943,-3.3,59.0,12874,5.06,2828.417,7965,21481,3035,130.833,302.043,-8.4,134133,102.9809,5.03,6089,28834,0
2023-06-01,251750.0,547.487,6096.6,1.5984988139610037,-2.5,64.2,12877,5.08,2828.417,8006,21524,3024,130.955,304.034,-6.9,134347,102.3809,5.19,5958,28811,0
2023-07-01,234800.0,547.356,6108.8,1.402630913738363,-0.7,71.5,12863,5.12,2865.999,8014,21519,3001,131.265,306.206,-4.7,134500,103.0722,5.27,5920,28811,0
2023-08-01,245000.0,547.848,6111.8,1.1440017540850222,1.1,69.4,12856,5.33,2865.999,8039,21535,2975,131.268,309.008,-11.6,134641,103.0951,5.28,6284,28783,0
2023-09-01,219000.0,548.636,6121.9,1.2370835644341107,1.3,67.8,12869,5.33,2865.999,8049,21558,2973,130.56,311.158,-6.3,134776,103.3081,5.31,6326,28801,0
2023-10-01,210250.0,549.746,6127.3,1.2984911583641738,1.5,63.8,12836,5.33,2894.282,8076,21550,2947,131.257,313.25,-11.5,134970,102.5781,5.33,6479,28830,0
2023-11-01,218000.0,552.23,6131.4,1.50476171888246,-3.8,61.3,12858,5.33,2894.282,8085,21579,2952,130.192,314.244,-3.9,135082,102.8868,5.24,6254,28775,0
2023-12-01,207400.0,554.294,6138.0,1.6119138670298283,-1.3,69.7,12865,5.33,2894.282,8099,21601,2962,130.269,315.192,15.2,135329,102.6309,5.12,6315,28854,0
2024-01-01,210000.0,556.567,6128.6,1.4847709526604125,-1.4,79.0,12866,5.33,2965.619,8113,21611,2966,129.554,316.357,7.3,135438,101.483,5.02,6149,28819,0
2024-02-01,210750.0,556.727,6121.7,1.4369172463994375,1.7,76.9,12853,5.33,2965.619,8136,21622,2963,130.223,317.577,0.1,135649,102.7267,5.09,6462,28856,0
2024-03-01,215000.0,559.182,6130.2,1.260271402936502,-6.4,79.4,12838,5.33,2965.619,8170,21645,2959,130.962,318.468,22.7,135872,102.5186,5.11,6497,28891,0
2024-04-01,210250.0,561.416,6137.5,1.2605837111848095,0.5,77.2,12847,5.33,3005.389,8173,21650,2952,132.098,319.314,-11.6,135985,102.3568,5.15,6492,28916,0
2024-05-01,222000.0,564.235,6132.1,1.3700922087411984,3.1,69.1,12849,5.33,3005.389,8188,21661,2953,131.816,319.928,3.4,136167,102.9797,5.17,6635,28935,0
2024-06-01,235600.0,565.299,6135.8,1.427131525810741,5.3,68.2,12839,5.33,3005.389,8203,21665,2953,131.798,320.587,14.7,136250,103.2534,5.15,6849,28926,0
2024-07-01,236500.0,564.919,6143.6,1.4643593374548969,-2.1,66.4,12840,5.33,3054.184,8214,21677,2936,131.448,321.233,9.7,136326,102.5192,5.01,7097,28919,0
